date,type,entry_price,entry_time_utc,exit_price,exit_time_utc,exit_reason,hit_tp_sl,size_usd,qty,fees_usd,pnl_usd,pnl_pct,symbol,tp_price,sl_price,bars_held,atr_at_entry
2025-07-02,Long,107396.76,2025-07-02T08:05:00.000Z,107838.21818326012884,2025-07-02T10:55:00.000Z,TakeProfit,TakeProfit,999.8638356,0.00931,2.0038376468861517995004,2.1061380392656477008996,0.21064248593428,BTCUSDT,107838.21818326012884,107151.5042870777062,35,98.10198516891752
2025-07-02,Long,108029.71,2025-07-02T14:50:00.000Z,108808.08213121574868,2025-07-02T16:00:00.000Z,TakeProfit,TakeProfit,1000.3551146,0.00926,2.0079179551350578327768,5.1998079799227749440232,0.51979621076881,BTCUSDT,108808.08213121574868,107597.2747366579174,15,172.97248493683304
2025-07-02,Long,109526,2025-07-02T16:10:00.000Z,109007.822114056149825,2025-07-02T17:35:00.000Z,StopLoss,StopLoss,999.97238,0.00913,1.99521379590133264790225,-6.72617789456868474565225,-0.67263636767334,BTCUSDT,110458.709848698930315,109007.822114056149825,18,207.26967637754007
2025-07-02,Long,109162.49,2025-07-02T17:55:00.000Z,108849.6,2025-07-02T23:55:00.000Z,Timeout,None,999.9284084,0.00916,1.9969907444,-4.8630631444,-0.48634113237981,BTCUSDT,110174.49351623561049,108600.26996053577195,73,224.88907938569122
2025-07-03,Long,109089.09,2025-07-03T00:45:00.000Z,108803.638207882747375,2025-07-03T02:10:00.000Z,StopLoss,StopLoss,1000.3469553,0.00917,1.99807631766628479342875,-4.61566925138149136467875,-0.46140683759039,BTCUSDT,109602.903225811054725,108803.638207882747375,18,114.18071684690105
2025-07-03,Long,110249.83,2025-07-03T09:45:00.000Z,109943.1335432343635,2025-07-03T09:50:00.000Z,StopLoss,StopLoss,999.9659581,0.00907,1.997150179337135676945,-4.778887042201458731945,-0.47790497301345,BTCUSDT,110801.8945813781457,109943.1335432343635,2,122.6801483062546
2025-07-03,Long,110298.54,2025-07-03T13:50:00.000Z,109721.5948639321746,2025-07-03T14:30:00.000Z,StopLoss,StopLoss,1000.4077578,0.00907,1.995582623215864823622,-7.228475007351041201622,-0.72255287416475,BTCUSDT,111337.03856532208572,109721.5948639321746,9,230.77767162713016
2025-07-03,Short,109283.92,2025-07-03T16:55:00.000Z,109810.9918659836353,2025-07-03T19:00:00.000Z,StopLoss,StopLoss,999.947868,0.00915,2.004718443573750262995,-6.827426017324013257995,-0.68277819632533,BTCUSDT,108335.19208322945646,109810.9918659836353,26,210.82854039345412
2025-07-04,Short,107344.02,2025-07-04T19:25:00.000Z,107626.384279404848625,2025-07-04T20:10:00.000Z,StopLoss,StopLoss,1000.4462664,0.00932,2.003524167884053189185,-4.635159251937242374185,-0.46330916588018,BTCUSDT,106835.776964271272475,107626.384279404848625,10,112.94390216193945
2025-07-05,Long,108369.81,2025-07-05T04:30:00.000Z,108200.789131950129725,2025-07-05T04:45:00.000Z,StopLoss,StopLoss,1000.2533463,0.00923,1.99894662998789969736175,-3.55900924208820233561175,-0.35581078086399,BTCUSDT,108674.052980489766495,108200.789131950129725,4,67.60912121994811
2025-07-06,Long,109294.92,2025-07-06T21:30:00.000Z,109059.191581243500125,2025-07-06T21:45:00.000Z,StopLoss,StopLoss,1000.048518,0.00915,1.99794012096837802614375,-4.15485515259035188239375,-0.41546535771081,BTCUSDT,109719.229515761699775,109059.191581243500125,4,94.29113350259995
2025-07-07,Short,108185.18,2025-07-07T13:35:00.000Z,108490.413256622502375,2025-07-07T13:55:00.000Z,StopLoss,StopLoss,999.6310632,0.00924,2.002082481691191921945,-4.822437772883113866945,-0.48242176042885,BTCUSDT,107635.761258079495725,108490.413256622502375,5,122.09314264900095
2025-07-07,Short,108144.7,2025-07-07T14:15:00.000Z,108585.98622094107545,2025-07-07T15:30:00.000Z,StopLoss,StopLoss,1000.338475,0.00925,2.0047588475437049479125,-6.0866563912486528604125,-0.60845969073105,BTCUSDT,107350.39725670606419,108585.98622094107545,16,176.51270917643018
2025-07-07,Short,107989.21,2025-07-07T16:50:00.000Z,108009.87,2025-07-07T22:50:00.000Z,Timeout,None,999.9800846,0.00926,2.0001514808,-2.1914630808,-0.2191506725533,BTCUSDT,107194.69032299424108,108430.6098190031994,73,176.55992800127976
2025-07-08,Long,109022.1,2025-07-08T13:45:00.000Z,108791.1390765575298,2025-07-08T14:05:00.000Z,StopLoss,StopLoss,999.732657,0.00917,1.997347402332032548266,-4.115259070299484282266,-0.41163595502107,BTCUSDT,109437.82042219644636,108791.1390765575298,5,92.38304937698808
2025-07-09,Long,109718.03,2025-07-09T13:10:00.000Z,109478.0963414577535,2025-07-09T13:30:00.000Z,StopLoss,StopLoss,999.5312533,0.00911,1.996876710970680134385,-4.182672340290545749385,-0.41846338736095,BTCUSDT,110149.9024653760437,109478.0963414577535,5,95.9723034168986
2025-07-09,Long,109169.08,2025-07-09T15:05:00.000Z,110041.06287660204447,2025-07-09T19:20:00.000Z,TakeProfit,TakeProfit,999.9887728,0.00916,2.0079649087496747273452,5.9793982409250526178548,0.59794653735787,BTCUSDT,110041.06287660204447,108684.64817966553085,52,193.77352813378766
2025-07-09,Long,110915.95,2025-07-09T19:40:00.000Z,111687.139867184903025,2025-07-09T19:50:00.000Z,TakeProfit,TakeProfit,1000.461869,0.00902,2.0078798706020078252855,4.9482527314058174602145,0.49459683419537,BTCUSDT,111687.139867184903025,110487.506978675053875,3,171.37612692997845
2025-07-10,Long,111071.22,2025-07-09T21:05:00.000Z,111192.3,2025-07-10T03:05:00.000Z,Timeout,None,999.64098,0.009,2.00037168,-0.91065168,-0.09109787395871,BTCUSDT,112173.872051215206765,110458.638275769329575,73,245.03339649226817
2025-07-10,Short,110697.55,2025-07-10T13:35:00.000Z,110926.587632222012,2025-07-10T13:45:00.000Z,StopLoss,StopLoss,999.5988765,0.00903,2.00126596281896476836,-4.06947578178373312836,-0.40711087991941,BTCUSDT,110285.2798484003784,110926.587632222012,3,91.6153976888048
2025-07-10,Long,111289.36,2025-07-10T15:20:00.000Z,112060.421845658699985,2025-07-10T16:20:00.000Z,TakeProfit,TakeProfit,1000.4913464,0.00899,2.00791453879247171286515,4.92393145367924115228485,0.49215132858437,BTCUSDT,112060.421845658699985,110860.992231745166675,13,171.34708770193333
2025-07-10,Long,112632.55,2025-07-10T16:35:00.000Z,113536.111001935614885,2025-07-10T17:30:00.000Z,TakeProfit,TakeProfit,1000.177044,0.00888,2.0083777096971882601788,6.0152439874910719186212,0.60141792131465,BTCUSDT,113536.111001935614885,112130.564850702436175,12,200.79230731902553
2025-07-10,Long,113740.72,2025-07-10T17:55:00.000Z,113175.129121449944075,2025-07-10T18:25:00.000Z,StopLoss,StopLoss,999.7809288,0.00879,1.99459031377754500841925,-6.96613413623253658916925,-0.69676605499904,BTCUSDT,114758.796993390100665,113175.129121449944075,7,226.23826742002237
2025-07-11,Long,116183.95,2025-07-10T21:35:00.000Z,116473.39,2025-07-11T03:35:00.000Z,Timeout,None,1000.3438095,0.00861,2.0031796974,0.4888987026,0.04887306723519,BTCUSDT,118233.1468659919545,115045.5079857822475,73,455.376982887101
2025-07-11,Long,117264.27,2025-07-11T05:10:00.000Z,117911.167840063311165,2025-07-11T05:35:00.000Z,TakeProfit,TakeProfit,1000.2642231,0.00853,2.00604648477574004423745,3.51199209096430419321255,0.35110643866478,BTCUSDT,117911.167840063311165,116904.886044409271575,6,143.75454223629137
2025-07-11,Long,118290.06,2025-07-11T05:50:00.000Z,117713.061814713721625,2025-07-11T06:50:00.000Z,StopLoss,StopLoss,999.551007,0.00845,1.99422637933433094773125,-6.86986104500338321648125,-0.68729469500733,BTCUSDT,119328.656204315301075,117713.061814713721625,13,230.79919851451135
2025-07-11,Long,118408.16,2025-07-11T09:35:00.000Z,118037.8378190659107,2025-07-11T10:40:00.000Z,StopLoss,StopLoss,1000.548952,0.00845,1.997968681571106945415,-5.127191110464161530415,-0.51243780728723,BTCUSDT,119074.73432568136074,118037.8378190659107,14,148.12807237363572
2025-07-11,Long,117933.53,2025-07-11T11:55:00.000Z,117574.686732041373175,2025-07-11T13:30:00.000Z,StopLoss,StopLoss,1000.0763344,0.00848,1.997109677887710844524,-5.040100590176866320524,-0.50397158864885,BTCUSDT,118579.435192725528285,117574.686732041373175,20,143.53549438345073
2025-07-11,Long,117977.37,2025-07-11T14:00:00.000Z,117405.631496309532,2025-07-11T14:50:00.000Z,StopLoss,StopLoss,1000.4480976,0.00848,1.99604785268870483136,-6.84439036398387347136,-0.68413247827679,BTCUSDT,119006.5023390428424,117405.631496309532,11,228.6958346761872
2025-07-11,Short,116904.3,2025-07-11T15:55:00.000Z,117562.62200515285525,2025-07-11T17:05:00.000Z,StopLoss,StopLoss,999.531765,0.00855,2.0046921831440569123875,-7.6333453272009692998875,-0.76369212009995,BTCUSDT,115719.31591352486055,117562.62200515285525,15,263.3294416611421
2025-07-11,Short,117318.82,2025-07-11T18:30:00.000Z,117803.961153300356325,2025-07-11T19:15:00.000Z,StopLoss,StopLoss,999.5563464,0.00852,2.003246095426119035889,-6.136648721545154924889,-0.6139372476246,BTCUSDT,116445.557370059358615,117803.961153300356325,10,194.05768332014253
2025-07-12,Short,117362.25,2025-07-11T22:40:00.000Z,117808.2516897142625,2025-07-12T03:15:00.000Z,StopLoss,StopLoss,999.92637,0.00852,2.0036526743963655165,-5.8035870707618820165,-0.58040144203437,BTCUSDT,116559.4542413143275,117808.2516897142625,56,178.399635485705
2025-07-13,Long,118499.51,2025-07-13T12:55:00.000Z,118274.94512715728935,2025-07-13T13:05:00.000Z,StopLoss,StopLoss,1000.1358644,0.00844,1.998376401273207522114,-3.893703928065685408114,-0.38931749841824,BTCUSDT,118903.72359031687917,118274.94512715728935,3,89.82549473708426
2025-07-13,Long,119253.95,2025-07-13T14:20:00.000Z,118801.2011650873415,2025-07-13T14:40:00.000Z,StopLoss,StopLoss,1000.5406405,0.00839,1.997282718275082795185,-5.795845443192287610185,-0.57927136675787,BTCUSDT,120068.9074564427853,118801.2011650873415,5,181.1008987650634
2025-07-13,Long,119041.24,2025-07-13T15:10:00.000Z,118461.594830731324575,2025-07-13T17:00:00.000Z,StopLoss,StopLoss,999.946416,0.0084,1.99502381257814312643,-6.86404323443501669643,-0.68644110570371,BTCUSDT,120084.614422683615765,118461.594830731324575,23,231.85994170747017
2025-07-14,Long,119152.06,2025-07-13T23:55:00.000Z,119837.8445350891581,2025-07-14T02:25:00.000Z,TakeProfit,TakeProfit,999.6857834,0.00839,2.005125299049398036459,3.748606950348638422541,0.37497851951034,BTCUSDT,119837.8445350891581,118771.0741947282455,31,152.3957629087018
2025-07-14,Long,122331.76,2025-07-14T05:55:00.000Z,121550.647052274834875,2025-07-14T11:15:00.000Z,StopLoss,StopLoss,999.4504792,0.00817,1.99251926561708540092875,-8.37421204853168447217875,-0.83788163824132,BTCUSDT,123737.750988705297225,121550.647052274834875,65,312.44341949006605
2025-07-14,Long,121799.5,2025-07-14T13:45:00.000Z,121307.942879311210375,2025-07-14T14:25:00.000Z,StopLoss,StopLoss,999.973895,0.00821,1.99591210603914503717875,-6.03159606689410785842875,-0.60317535258199,BTCUSDT,122684.299546839821325,121307.942879311210375,9,196.62238107551585
2025-07-14,Short,120600.02,2025-07-14T14:50:00.000Z,119265.188511267084015,2025-07-14T16:15:00.000Z,TakeProfit,TakeProfit,999.7741658,0.00829,1.98848257855840412648435,9.07727046303746938916565,0.90793208842059,BTCUSDT,119265.188511267084015,121341.591170184953325,18,296.62895127398133
2025-07-14,Short,119785.82,2025-07-14T19:15:00.000Z,120267.300718933988125,2025-07-14T20:50:00.000Z,StopLoss,StopLoss,1000.211597,0.00835,2.00444355800309880084375,-6.02480756110189964459375,-0.60235329995898,BTCUSDT,118919.155321918821375,120267.300718933988125,20,192.59219957359525
2025-07-15,Short,119389.94,2025-07-15T00:45:00.000Z,118728.223465910167485,2025-07-15T01:55:00.000Z,TakeProfit,TakeProfit,1000.4876972,0.00838,1.9954302098443272035243,3.5497543458284692721757,0.35480239844657,BTCUSDT,118728.223465910167485,119757.560004272129175,15,147.04807690885167
2025-07-15,Short,118481.79,2025-07-15T02:10:00.000Z,117227.89278249780015,2025-07-15T03:10:00.000Z,TakeProfit,TakeProfit,999.9863076,0.00844,1.989389722684281433266,8.593502793034285300734,0.85936204603231,BTCUSDT,117227.89278249780015,119178.40055461233325,13,278.6439674449333
2025-07-15,Short,117188.29,2025-07-15T03:20:00.000Z,116942.84,2025-07-15T09:20:00.000Z,Timeout,None,999.6161137,0.00853,1.9971385389,0.0965499611,0.00965870395412,BTCUSDT,115777.22004389208618,117972.2177518377299,73,313.57110113509196
2025-07-15,Short,116530.37,2025-07-15T11:20:00.000Z,116865.554080771516125,2025-07-15T11:50:00.000Z,StopLoss,StopLoss,999.8305746,0.00858,2.0025370286130196083525,-4.8784164416326279608525,-0.48792431093481,BTCUSDT,115927.026889011270975,116865.554080771516125,7,134.07531310860645
2025-07-15,Short,116916.57,2025-07-15T12:40:00.000Z,117429.155247177268625,2025-07-15T13:05:00.000Z,StopLoss,StopLoss,999.6366735,0.00855,2.00365595086336564674375,-6.38625981422901239049375,-0.63885809549874,BTCUSDT,115993.908642280916475,117429.155247177268625,6,205.03522927090745
2025-07-15,Long,118025.46,2025-07-15T13:35:00.000Z,117311.644479089831625,2025-07-15T14:30:00.000Z,StopLoss,StopLoss,999.6756462,0.00847,1.99330527493789087386375,-8.03932273704701701011375,-0.80419311679807,BTCUSDT,119310.317504838303075,117311.644479089831625,12,285.52471796406735
2025-07-15,Short,115941.05,2025-07-15T15:25:00.000Z,116845.04166581270635,2025-07-15T16:05:00.000Z,StopLoss,StopLoss,1000.5712615,0.00863,2.0089439710759636558005,-9.8103920470396194563005,-0.98047909474558,BTCUSDT,114313.87825953712857,116845.04166581270635,9,361.59477232508254
2025-07-15,Short,116253.22,2025-07-15T18:40:00.000Z,116891.2970330983514,2025-07-15T18:55:00.000Z,StopLoss,StopLoss,999.777692,0.0086,2.00504284648464582204,-7.49250533113046786204,-0.74941713453739,BTCUSDT,115104.69118242296748,116891.2970330983514,4,255.22940723934056
2025-07-16,Long,117477.41,2025-07-16T03:20:00.000Z,118169.279250057504,2025-07-16T06:35:00.000Z,TakeProfit,TakeProfit,999.7327591,0.00851,2.00535332551798935904,3.88245399247136968096,0.38834918203206,BTCUSDT,118169.279250057504,117093.03988063472,40,153.748481346112
2025-07-16,Long,118688.85,2025-07-16T08:40:00.000Z,119194.247869267251465,2025-07-16T09:25:00.000Z,TakeProfit,TakeProfit,1000.5470055,0.00843,2.00535451503792292984995,2.25514952288500692010005,0.22539166180984,BTCUSDT,119194.247869267251465,118408.073293962638075,10,112.31065361494477
2025-07-16,Long,119001.58,2025-07-16T14:50:00.000Z,118416.3190044829815,2025-07-16T15:35:00.000Z,StopLoss,StopLoss,999.613272,0.0084,1.9943103516376570446,-6.9105027139806124446,-0.69131762327988,BTCUSDT,120055.0460175306333,118416.3190044829815,10,234.1038590068074
2025-07-16,Long,119035.05,2025-07-16T15:45:00.000Z,119486.25,2025-07-16T21:45:00.000Z,Timeout,None,999.89442,0.0084,2.00357892,1.78650108,0.17866897187005,BTCUSDT,120710.206416780678465,118104.400242899623075,73,372.25802484015077
2025-07-17,Short,118248.17,2025-07-17T01:35:00.000Z,118705.256381270469125,2025-07-17T06:05:00.000Z,StopLoss,StopLoss,1000.3795182,0.00846,2.0046259871855481687975,-5.8715767727337169662975,-0.5869349247872,BTCUSDT,117425.425713713155575,118705.256381270469125,55,182.83295250818765
2025-07-17,Short,118164.11,2025-07-17T07:05:00.000Z,118544.9336515477161,2025-07-17T07:40:00.000Z,StopLoss,StopLoss,999.6683706,0.00846,2.002558509292093678206,-5.224326601385771884206,-0.52260597164339,BTCUSDT,117478.63416681411102,118544.9336515477161,8,152.32849781908644
2025-07-17,Short,117750.28,2025-07-17T12:10:00.000Z,118040.661887317002375,2025-07-17T12:45:00.000Z,StopLoss,StopLoss,999.6998772,0.00849,2.00186509662332135016375,-4.46720731994467151391375,-0.44685484332124,BTCUSDT,117227.603226029395725,118040.661887317002375,8,116.15123732680095
2025-07-17,Short,117619.63,2025-07-17T13:35:00.000Z,118067.436420125832375,2025-07-17T13:50:00.000Z,StopLoss,StopLoss,999.766855,0.0085,2.0033400645710695751875,-5.8096946356406447626875,-0.58110494527653,BTCUSDT,116813.569654573501725,118067.436420125832375,4,179.12382365033295
2025-07-17,Long,119061.54,2025-07-17T15:45:00.000Z,118530.04570554812915,2025-07-17T16:10:00.000Z,StopLoss,StopLoss,1000.116936,0.0084,1.99576931992660428486,-6.46032139332231942486,-0.64595660375082,BTCUSDT,120018.23716401336753,118530.04570554812915,6,212.59877978074834
2025-07-17,Long,119048.08,2025-07-17T17:50:00.000Z,118565.211882052177125,2025-07-17T20:05:00.000Z,StopLoss,StopLoss,1000.003872,0.0084,1.99595165180923828785,-6.05204384257095043785,-0.60520204091479,BTCUSDT,119917.253815106081175,118565.211882052177125,28,193.14884757912915
2025-07-17,Long,119333.77,2025-07-17T20:40:00.000Z,120307.40987175698895,2025-07-17T21:15:00.000Z,TakeProfit,TakeProfit,1000.0169926,0.00838,2.008193087325323567401,6.150909037998243833599,0.61508045198374,BTCUSDT,120307.40987175698895,118792.85185124611725,8,216.3654315015531
2025-07-17,Long,120905.5,2025-07-17T21:25:00.000Z,120263.36558397433625,2025-07-17T21:35:00.000Z,StopLoss,StopLoss,999.888485,0.00827,1.9944665183794677607875,-7.3049181389117069732875,-0.73057328377091,BTCUSDT,122061.33702364619475,120263.36558397433625,3,256.8530628102655
2025-07-17,Long,120593.52,2025-07-17T21:45:00.000Z,119806.9450304967195,2025-07-17T22:50:00.000Z,StopLoss,StopLoss,999.7202808,0.00829,1.992919855102817804655,-8.513626352285013149655,-0.8516008443354,BTCUSDT,122009.3533827059049,119806.9450304967195,14,314.6297646013122
2025-07-18,Long,119906.06,2025-07-18T01:10:00.000Z,120802.83419275664823,2025-07-18T06:00:00.000Z,TakeProfit,TakeProfit,1000.0165404,0.00834,2.0075121775675904462382,5.4715845900228557919618,0.5471494089322,BTCUSDT,120802.83419275664823,119407.84930735741765,59,199.28355505703294
2025-07-18,Short,119466.05,2025-07-18T07:55:00.000Z,118712.556888069081285,2025-07-18T08:35:00.000Z,TakeProfit,TakeProfit,999.9308385,0.00837,1.99355493965313821035545,4.31318240720865143419455,0.43134807340064,BTCUSDT,118712.556888069081285,119884.660706628288175,9,167.44340265131527
2025-07-18,Short,119017.19,2025-07-18T13:05:00.000Z,118410.85906533600471,2025-07-18T14:15:00.000Z,TakeProfit,TakeProfit,999.744396,0.0084,1.994395612148822439564,3.098784239028737996436,0.30995765031813,BTCUSDT,118410.85906533600471,119354.03599414666405,15,134.73956125866562
2025-07-18,Short,117781.93,2025-07-18T14:25:00.000Z,116991.61,2025-07-18T20:25:00.000Z,Timeout,None,999.9685857,0.00849,1.9932273546,4.7165894454,0.47167376184106,BTCUSDT,116540.659369734324975,118471.525773036486125,73,275.83805761459445
2025-07-19,Short,117865.79,2025-07-19T14:30:00.000Z,118100.544842210605675,2025-07-19T15:15:00.000Z,StopLoss,StopLoss,999.5018992,0.00848,2.000994519461945936124,-3.991715581407882060124,-0.39937048489881,BTCUSDT,117443.237561620909785,118100.544842210605675,10,93.90104008424227
2025-07-19,Short,117708.23,2025-07-19T21:00:00.000Z,117295.52052724699122,2025-07-19T21:25:00.000Z,TakeProfit,TakeProfit,1000.519955,0.0085,1.99753187948159942537,1.51049863891897520463,0.15097136557551,BTCUSDT,117295.52052724699122,117937.5099293072271,6,91.71277172289084
2025-07-20,Long,118640.93,2025-07-20T15:15:00.000Z,118286.188702998607825,2025-07-20T17:00:00.000Z,StopLoss,StopLoss,1000.1430399,0.00843,1.99729561066627826396475,-4.98776474438801429921475,-0.49870513970549,BTCUSDT,119279.477550602505915,118286.188702998607825,22,141.89840680055687
2025-07-20,Short,117640.47,2025-07-20T22:05:00.000Z,117076.693681075771665,2025-07-20T22:10:00.000Z,TakeProfit,TakeProfit,999.943995,0.0085,1.9950958912891440591525,2.7970028195667967883475,0.27971594744832,BTCUSDT,117076.693681075771665,117953.686495402349075,2,125.28468776093963
2025-07-21,Short,116838.32,2025-07-21T00:15:00.000Z,117328.01263009751865,2025-07-21T00:55:00.000Z,StopLoss,StopLoss,1000.1360192,0.00856,2.004463807313634759644,-6.196232720948394403644,-0.6195390028953,BTCUSDT,115956.85926582446643,117328.01263009751865,9,195.87905203900746
2025-07-21,Long,118575.86,2025-07-21T04:25:00.000Z,118198.576639821905175,2025-07-21T05:20:00.000Z,StopLoss,StopLoss,999.5944998,0.00843,1.99600850087369866062525,-5.17650722717503803537525,-0.51786071534115,BTCUSDT,119254.973486720570685,118198.576639821905175,12,150.91383527123793
2025-07-21,Long,119205.05,2025-07-21T06:35:00.000Z,118863.126204453391325,2025-07-21T08:50:00.000Z,StopLoss,StopLoss,1000.1303695,0.00839,1.99739199835536395321675,-4.86613264299141073646675,-0.48654983304068,BTCUSDT,119820.508080383895615,118863.126204453391325,28,136.76883941864347
2025-07-21,Short,117706.88,2025-07-21T16:20:00.000Z,116713.501980215600565,2025-07-21T19:45:00.000Z,TakeProfit,TakeProfit,1000.50848,0.0085,1.9925732468318326048025,6.4511399213355625926975,0.64478613128152,BTCUSDT,116713.501980215600565,118258.753776546888575,42,220.75025661875543
2025-07-21,Short,116938.31,2025-07-21T21:15:00.000Z,117431.08621168875425,2025-07-21T22:30:00.000Z,StopLoss,StopLoss,999.8225505,0.00855,2.0038583376099388488375,-6.2170949475487876863375,-0.62181983637393,BTCUSDT,116051.29881896024235,117431.08621168875425,16,197.1124846755017
2025-07-22,Short,116876.31,2025-07-22T01:05:00.000Z,116203.959968256332865,2025-07-22T01:15:00.000Z,TakeProfit,TakeProfit,1000.4612136,0.00856,1.9951671109282742093244,3.7601491607975164662756,0.37584157283491,BTCUSDT,116203.959968256332865,117249.839662079815075,3,149.41138483192603
2025-07-22,Short,117285.44,2025-07-22T02:45:00.000Z,117799.9213600513395,2025-07-22T06:55:00.000Z,StopLoss,StopLoss,1000.4448032,0.00853,2.005278132401237925935,-6.393804133639163860935,-0.63909614135513,BTCUSDT,116359.3743443075889,117799.9213600513395,51,205.7924308205358
2025-07-22,Long,117944.1,2025-07-22T08:35:00.000Z,118941.683832784312875,2025-07-22T10:55:00.000Z,TakeProfit,TakeProfit,1000.165968,0.00848,2.00879144690201097318,6.45071945510896220682,0.64496490197605,BTCUSDT,118941.683832784312875,117389.893619564270625,29,221.68431617429175
2025-07-22,Long,119232.46,2025-07-22T13:40:00.000Z,118813.8389445280431,2025-07-22T13:50:00.000Z,StopLoss,StopLoss,1000.3603394,0.00839,1.997208448144590281609,-5.509439103554308672609,-0.5507454550686,BTCUSDT,119985.96547344952242,118813.8389445280431,3,167.44664698878276
2025-07-22,Long,119048.1,2025-07-22T15:00:00.000Z,119665.29,2025-07-22T21:00:00.000Z,Timeout,None,1000.00404,0.0084,2.005192476,3.179203524,0.31791906800697,BTCUSDT,120352.44842734162077,118323.46820547687735,73,289.85431740924906
2025-07-23,Long,119679.75,2025-07-22T22:05:00.000Z,119315.53468663109795,2025-07-23T02:00:00.000Z,StopLoss,StopLoss,1000.52271,0.00836,1.998000579980235978862,-5.042840599744257116862,-0.50402060336484,BTCUSDT,120335.33988246402369,119315.53468663109795,48,145.68645654756082
2025-07-23,Short,119005.8,2025-07-23T02:45:00.000Z,118348.12631319427341,2025-07-23T06:45:00.000Z,TakeProfit,TakeProfit,999.64872,0.0084,1.993772981030831896644,3.530685988137271459356,0.35319266833426,BTCUSDT,118348.12631319427341,119371.17151711429255,49,146.14931484571702
2025-07-23,Short,117924.22,2025-07-23T12:55:00.000Z,118279.579670526527675,2025-07-23T15:50:00.000Z,StopLoss,StopLoss,999.9973856,0.00848,2.003008221206064954684,-5.016458227271019638684,-0.50164713423337,BTCUSDT,117284.562510252250185,118279.579670526527675,36,142.14530861061107
2025-07-23,Short,117898.86,2025-07-23T16:15:00.000Z,118449.4643787596032,2025-07-23T19:20:00.000Z,StopLoss,StopLoss,999.7823328,0.00848,2.004233790731881435136,-6.673358922613316571136,-0.66748118102106,BTCUSDT,116907.76913623271424,118449.4643787596032,38,220.24217750384128
2025-07-23,Short,117651.79,2025-07-23T21:20:00.000Z,118157.76764357193665,2025-07-23T21:55:00.000Z,StopLoss,StopLoss,1000.040215,0.0085,2.004381239970361461525,-6.305191210331822986525,-0.63049376572639,BTCUSDT,116741.04044477051403,118157.76764357193665,8,202.38959982877466
2025-07-24,Long,118744.12,2025-07-24T00:00:00.000Z,118418.3098311336033,2025-07-24T04:00:00.000Z,StopLoss,StopLoss,999.8254904,0.00842,1.996907659178144939786,-4.740229281033205153786,-0.47410566409312,BTCUSDT,119330.59062395951406,118418.3098311336033,49,130.32582754655868
2025-07-24,Short,117862.04,2025-07-24T04:45:00.000Z,117144.503905487356035,2025-07-24T07:05:00.000Z,TakeProfit,TakeProfit,999.4700992,0.00848,1.9928554923185327791768,4.0918505891486880440232,0.40940200136291,BTCUSDT,117144.503905487356035,118260.675234507024425,29,159.45304700280977
2025-07-24,Long,118662.61,2025-07-24T11:15:00.000Z,118284.09750710926525,2025-07-24T12:45:00.000Z,StopLoss,StopLoss,1000.3258023,0.00843,1.9974607442849311060575,-5.1883210593538250485575,-0.51866312429656,BTCUSDT,119343.93963280332255,118284.09750710926525,19,151.4060179562939
2025-07-24,Long,119311.28,2025-07-24T15:05:00.000Z,118758.3440682998921,2025-07-24T15:30:00.000Z,StopLoss,StopLoss,999.8285264,0.00838,1.995023449692353095798,-6.628626557339257297798,-0.66297633867343,BTCUSDT,120306.55817826019422,118758.3440682998921,6,221.17344428004316
2025-07-24,Long,119319.39,2025-07-24T18:10:00.000Z,118896.555196428614575,2025-07-24T20:00:00.000Z,StopLoss,StopLoss,999.8964882,0.00838,1.9962496207460717901385,-5.5396052746742816516385,-0.55401787485489,BTCUSDT,120080.483876828493765,118896.555196428614575,23,169.13266862855417
2025-07-25,Short,116342.03,2025-07-25T03:00:00.000Z,115544.99715867986427,2025-07-25T03:30:00.000Z,TakeProfit,TakeProfit,1000.541458,0.0086,1.994228433564646832722,4.860254001788520445278,0.48576238025197,BTCUSDT,115544.99715867986427,116784.83322984451985,7,177.11943873780794
2025-07-25,Short,115400.82,2025-07-25T03:55:00.000Z,116060.3098271248274,2025-07-25T04:45:00.000Z,StopLoss,StopLoss,1000.5251094,0.00867,2.006767995601172253558,-7.724544796773425811558,-0.77204906945371,BTCUSDT,114213.73485037531068,116060.3098271248274,11,263.79642524993096
2025-07-25,Short,115530.49,2025-07-25T05:10:00.000Z,116258.171693037921,2025-07-25T10:00:00.000Z,StopLoss,StopLoss,1000.4940434,0.00866,2.00728981026170839586,-8.30901327197010425586,-0.83049102858558,BTCUSDT,114220.6511813317422,116258.171693037921,59,291.0743588151684
2025-07-25,Long,116408.11,2025-07-25T12:45:00.000Z,115885.66679728502825,2025-07-25T13:30:00.000Z,StopLoss,StopLoss,999.9456649,0.00859,1.9954035426886783926675,-6.4831906540102857251675,-0.64835429379642,BTCUSDT,117348.50223488694915,115885.66679728502825,10,208.9764910859887
2025-07-25,Short,115888.42,2025-07-25T14:05:00.000Z,116581.37985141442925,2025-07-25T19:05:00.000Z,StopLoss,StopLoss,1000.1170646,0.00863,2.0062143727177065244275,-7.9864578904242309519275,-0.79855230683604,BTCUSDT,114641.09226465402735,116581.37985141442925,61,277.1839409657717
2025-07-26,Long,118185.67,2025-07-26T10:45:00.000Z,117993.4873893961712,2025-07-26T10:50:00.000Z,StopLoss,StopLoss,999.8507682,0.00846,1.998075671514291608352,-3.623940557222683256352,-0.36244814451128,BTCUSDT,118531.59940188689184,117993.4873893961712,2,76.87314464153152
2025-07-27,Long,118957.47,2025-07-27T16:05:00.000Z,119499.585560031826215,2025-07-27T16:30:00.000Z,TakeProfit,TakeProfit,1000.4323227,0.00841,2.00542383725986765846815,2.55376802260779080968185,0.25526644478215,BTCUSDT,119499.585560031826215,118656.299453537874325,6,120.46944378485027
2025-07-27,Long,119190.53,2025-07-27T17:30:00.000Z,118753.518543264079775,2025-07-27T20:50:00.000Z,StopLoss,StopLoss,1000.0085467,0.00839,1.99635056727798562931225,-5.66287668929235631706225,-0.56628282907978,BTCUSDT,119977.149936124656405,118753.518543264079775,41,174.80448469436809
2025-07-27,Long,119512.05,2025-07-27T22:05:00.000Z,119232.962220456926825,2025-07-27T23:10:00.000Z,StopLoss,StopLoss,1000.3158585,0.00837,1.99829575228522447752525,-4.33426046706074695227525,-0.43328918863289,BTCUSDT,120014.401283177531715,119232.962220456926825,14,111.63415181722927
2025-07-28,Long,119738.99,2025-07-28T02:35:00.000Z,119386.4096536527249,2025-07-28T02:55:00.000Z,StopLoss,StopLoss,999.8205665,0.00835,1.996697087108000252915,-4.940742979107747337915,-0.49416296730157,BTCUSDT,120373.64835182509518,119386.4096536527249,5,141.03409973891004
2025-07-28,Short,118799.48,2025-07-28T07:35:00.000Z,118803.44,2025-07-28T13:35:00.000Z,Timeout,None,1000.2916216,0.00842,2.0006165864,-2.0339597864,-0.20333668127167,BTCUSDT,118237.26588303824649,119111.81940897875195,73,124.93621799150078
2025-07-28,Short,118015.32,2025-07-28T16:55:00.000Z,117854.35,2025-07-28T22:55:00.000Z,Timeout,None,999.5897604,0.00847,1.9978161049,-0.6344002049,-0.06346605677975,BTCUSDT,117272.69612990330328,118427.8845980537204,73,165.02692402148816
2025-07-29,Short,117871.51,2025-07-28T23:55:00.000Z,118216.945262431953175,2025-07-29T00:05:00.000Z,StopLoss,StopLoss,999.5504048,0.00848,2.002030100625422962924,-4.931321126048385886924,-0.49335392216014,BTCUSDT,117249.731203622484285,118216.945262431953175,3,138.17343697278127
2025-07-29,Short,117808.23,2025-07-29T00:35:00.000Z,118242.65523143870825,2025-07-29T01:30:00.000Z,StopLoss,StopLoss,1000.1918727,0.00849,2.0040720156149146330425,-5.6923422305295476755425,-0.56912502349806,BTCUSDT,117026.25898061032515,118242.65523143870825,12,173.7708929754833
2025-07-29,Short,117493.84,2025-07-29T02:20:00.000Z,117873.137004550228825,2025-07-29T02:25:00.000Z,StopLoss,StopLoss,999.8725784,0.00851,2.00297297430872244730075,-5.23079048303116974805075,-0.52314570836631,BTCUSDT,116811.103826609588115,117873.137004550228825,2,151.71902542009153
2025-07-29,Short,117736.6,2025-07-29T14:55:00.000Z,117514.28,2025-07-29T20:55:00.000Z,Timeout,None,999.583734,0.00849,1.9972799712,-0.1097831712,-0.01098288892324,BTCUSDT,116833.889770382737485,118238.098158898479175,73,200.60119835939167
2025-07-30,Short,117448.24,2025-07-30T01:20:00.000Z,117737.991994878942575,2025-07-30T01:35:00.000Z,StopLoss,StopLoss,999.4845224,0.00851,2.00143483427641980131325,-4.46722431069622111456325,-0.44695282523929,BTCUSDT,116926.697612017903365,117737.991994878942575,4,115.89919755157703
2025-07-30,Short,117462.47,2025-07-30T18:40:00.000Z,116544.61138316474061,2025-07-30T18:55:00.000Z,TakeProfit,TakeProfit,999.6056197,0.00851,1.9914002625707319425911,5.8195765666973254663089,0.58218725985593,BTCUSDT,116544.61138316474061,117972.39546401958855,4,203.96915440783542
2025-07-30,Short,115988.41,2025-07-30T19:05:00.000Z,116638.374354009951625,2025-07-30T19:40:00.000Z,StopLoss,StopLoss,999.8200942,0.00862,2.0052428811315657830075,-7.6079356126973487905075,-0.76093045707236,BTCUSDT,114818.474159982087075,116638.374354009951625,8,259.98574200398065
2025-07-31,Short,117839.22,2025-07-31T13:35:00.000Z,118151.1769958926781,2025-07-31T13:40:00.000Z,StopLoss,StopLoss,1000.4549778,0.00849,2.003558470495128837069,-4.652073365623965906069,-0.46499577380822,BTCUSDT,117277.71112459317942,118151.1769958926781,2,124.78083875707124
2025-07-31,Short,117288.26,2025-07-31T19:15:00.000Z,116464.2623614015893,2025-07-31T20:15:00.000Z,TakeProfit,TakeProfit,1000.4688578,0.00853,1.993909015742755556729,5.034790841501687714271,0.50324313468118,BTCUSDT,116464.2623614015893,117746.0364674435615,13,183.1105865774246
2025-08-01,Short,115561.9,2025-07-31T23:55:00.000Z,114687.20617765252092,2025-08-01T00:50:00.000Z,TakeProfit,TakeProfit,999.610435,0.00865,1.991654768436694305958,5.574446794868999736042,0.55766192505473,BTCUSDT,114687.20617765252092,116047.8451408597106,12,194.37699474388424
2025-08-01,Short,114941.54,2025-08-01T01:10:00.000Z,115733.248309392676,2025-08-01T02:20:00.000Z,StopLoss,StopLoss,999.991398,0.0087,2.0068706582917162812,-8.8947329500079974812,-0.8894809463159,BTCUSDT,113516.4781918931832,115733.248309392676,15,316.6814453570704
2025-08-01,Short,115469.59,2025-08-01T05:20:00.000Z,114806.019377249959635,2025-08-01T07:30:00.000Z,TakeProfit,TakeProfit,999.9666494,0.00866,1.9941867772069846504391,3.7523348158083649104609,0.37524599625996,BTCUSDT,114806.019377249959635,115838.243279750022425,27,147.46055750000897
2025-08-01,Short,114834.65,2025-08-01T08:05:00.000Z,115274.694152058522875,2025-08-01T09:20:00.000Z,StopLoss,StopLoss,1000.2098015,0.00871,2.00425238756442973424125,-5.83703695199416397549125,-0.58358125897591,BTCUSDT,114042.557609894658825,115274.694152058522875,16,176.01950602340915
2025-08-01,Short,114700.2,2025-08-01T17:05:00.000Z,113447.605557390926715,2025-08-01T19:20:00.000Z,TakeProfit,TakeProfit,1000.185744,0.00872,1.9894488644604488809548,8.9331746750906701642452,0.89315156996386,BTCUSDT,113447.605557390926715,115396.083986116151825,28,278.35406124646073
2025-08-02,Short,113504.45,2025-08-01T19:40:00.000Z,113550.69,2025-08-02T01:40:00.000Z,Timeout,None,999.9742045,0.00881,2.0003557834,-2.4077301834,-0.24077922936061,BTCUSDT,112117.62658365203778,114274.9049957488679,73,308.18263029954716
2025-08-02,Short,112632.14,2025-08-02T17:55:00.000Z,112996.121974386823575,2025-08-02T21:45:00.000Z,StopLoss,StopLoss,1000.1734032,0.00888,2.003578966332554993346,-5.235738898887548339346,-0.52348311624125,BTCUSDT,111976.960294103717565,112996.121974386823575,47,145.59452575472943
2025-08-03,Short,112350.53,2025-08-03T00:25:00.000Z,112750.833780050417925,2025-08-03T00:45:00.000Z,StopLoss,StopLoss,999.919717,0.0089,2.0034021376424487195325,-5.5661057800911682520325,-0.55665526796399,BTCUSDT,111629.993900309247735,112750.833780050417925,5,160.11998282016717
2025-08-03,Long,113335.09,2025-08-03T02:05:00.000Z,113773.09,2025-08-03T08:05:00.000Z,Timeout,None,999.6154938,0.00882,2.0030941476,1.8600658524,0.18607813343599,BTCUSDT,114093.38395286999685,112913.80836085000175,73,168.5107988599993
2025-08-04,Long,114902.4,2025-08-04T14:00:00.000Z,115571.312383783127085,2025-08-04T17:05:00.000Z,TakeProfit,TakeProfit,999.65088,0.0087,2.0051212977389132056395,3.8144164411742924338605,0.38157485953239,BTCUSDT,115571.312383783127085,114530.779848342707175,38,148.64750506291713
2025-08-05,Short,113844.06,2025-08-05T07:40:00.000Z,114121.812767671018375,2025-08-05T07:45:00.000Z,StopLoss,StopLoss,999.5508468,0.00878,2.0015403629001515413325,-4.4402096630516928738325,-0.44422048935947,BTCUSDT,113344.117492192166925,114121.812767671018375,2,111.09932506840735
2025-08-05,Short,114068.49,2025-08-05T14:05:00.000Z,113140.62744973409808,2025-08-05T14:30:00.000Z,TakeProfit,TakeProfit,1000.3806573,0.00877,1.9926239600341680401616,6.1447306057977917982384,0.61423924592687,BTCUSDT,113140.62744973409808,114583.9723212588344,6,206.19212450353376
2025-08-05,Short,112764.72,2025-08-05T14:45:00.000Z,113401.043678780913675,2025-08-05T17:25:00.000Z,StopLoss,StopLoss,1000.2230664,0.00887,2.00609032383078670429725,-7.65028135461749100154725,-0.76485752144793,BTCUSDT,111619.344098194355385,113401.043678780913675,33,254.52851151236547
2025-08-05,Short,113344.22,2025-08-05T22:05:00.000Z,113621.0509720074289,2025-08-05T22:10:00.000Z,StopLoss,StopLoss,999.6960204,0.00882,2.001833689973105522898,-4.443482863078628420898,-0.44448340019406,BTCUSDT,112845.93669358662798,113621.0509720074289,2,110.73061120297156
2025-08-06,Long,114396.56,2025-08-06T05:40:00.000Z,114041.81831191709825,2025-08-06T06:00:00.000Z,StopLoss,StopLoss,999.8259344,0.00874,1.996551426446155438705,-5.096993780290716733705,-0.50978811460311,BTCUSDT,115035.09279854922315,114041.81831191709825,5,141.8963552331607
2025-08-06,Long,115176.44,2025-08-06T15:00:00.000Z,115098.7,2025-08-06T21:00:00.000Z,Timeout,None,999.7314992,0.00868,1.9987882152,-2.6735714152,-0.26742894640605,BTCUSDT,116242.863987465569745,114583.984102074683475,73,236.98284077012661
2025-08-07,Long,115451.44,2025-08-07T10:05:00.000Z,115906.2131597158755,2025-08-07T10:30:00.000Z,TakeProfit,TakeProfit,999.8094704,0.00866,2.00355727636313948183,1.93477828677634234817,0.19351469895582,BTCUSDT,115906.2131597158755,115198.7940017134025,6,101.059879714639
2025-08-07,Long,116352.13,2025-08-07T12:55:00.000Z,115975.338018438298125,2025-08-07T16:45:00.000Z,StopLoss,StopLoss,999.4647967,0.00859,1.99569295027838498089375,-5.23233607189340408714375,-0.52351379349922,BTCUSDT,117030.365711211063375,115975.338018438298125,47,150.71824182468075
2025-08-08,Long,117127.81,2025-08-07T19:45:00.000Z,116836.38,2025-08-08T01:45:00.000Z,Timeout,None,1000.2714974,0.00854,1.9980541826,-4.4868663826,-0.44856485406839,BTCUSDT,117691.783701899727645,116814.485129166817975,73,125.32836753327281
2025-08-10,Long,117885.53,2025-08-10T03:10:00.000Z,117604.599330626201225,2025-08-10T03:15:00.000Z,StopLoss,StopLoss,999.6692944,0.00848,1.996956296723710186388,-4.379248373013523798388,-0.43806970940744,BTCUSDT,118391.205955272837795,117604.599330626201225,2,112.37237494951951
2025-08-10,Long,118202.03,2025-08-10T03:25:00.000Z,117833.1743622994765,2025-08-10T06:20:00.000Z,StopLoss,StopLoss,999.9891738,0.00846,1.99685782890505357119,-5.11737652385148238119,-0.5117431926193,BTCUSDT,118865.9662698609423,117833.1743622994765,36,147.5417010802094
2025-08-10,Long,117990.39,2025-08-10T08:15:00.000Z,118725.14703454292979,2025-08-10T12:45:00.000Z,TakeProfit,TakeProfit,1000.5585072,0.00848,2.0073477540529240446192,4.2233918988711205745808,0.42210344207557,BTCUSDT,118725.14703454292979,117582.19130680948345,55,163.27938967620662
2025-08-10,Long,119070.67,2025-08-10T15:10:00.000Z,118735.342576947570425,2025-08-10T15:15:00.000Z,StopLoss,StopLoss,1000.193628,0.0084,1.99757050564635959157,-4.81432085928676802157,-0.481338885243,BTCUSDT,119674.264239094373235,118735.342576947570425,2,134.13166602097183
2025-08-11,Long,119248.07,2025-08-10T23:35:00.000Z,119863.52232977457828,2025-08-11T01:55:00.000Z,TakeProfit,TakeProfit,1000.4913073,0.00839,2.0061462596468087117692,3.1574987871619030574308,0.31559482467499,BTCUSDT,119863.52232977457828,118906.1582612363454,29,136.76629550546184
2025-08-11,Long,120681.94,2025-08-11T02:05:00.000Z,121707.30616947529002,2025-08-11T02:20:00.000Z,TakeProfit,TakeProfit,1000.4532826,0.00829,2.0094068507449501542658,6.4908786942052041115342,0.64879378248793,BTCUSDT,121707.30616947529002,120112.2930598470611,4,227.85901566117556
2025-08-11,Long,122035.36,2025-08-11T04:55:00.000Z,121541.45219500857615,2025-08-11T07:55:00.000Z,StopLoss,StopLoss,999.4695984,0.00819,1.9948940918771202386685,-6.0399990147568815701685,-0.60432043400079,BTCUSDT,122924.38073218456293,121541.45219500857615,37,197.56121959656954
2025-08-11,Short,120395.74,2025-08-11T11:50:00.000Z,119532.40733616442965,2025-08-11T13:00:00.000Z,TakeProfit,TakeProfit,1000.4885994,0.00831,1.9938029043635264103915,5.1804915321100631981085,0.51779615831873,BTCUSDT,119532.40733616442965,120875.36804746420575,15,191.8515301856823
2025-08-11,Short,119890.99,2025-08-11T15:10:00.000Z,120494.22056868630835,2025-08-11T16:05:00.000Z,StopLoss,StopLoss,999.8908566,0.00834,2.004812656142843811639,-7.035755598986655450639,-0.70365235890953,BTCUSDT,118805.17414196464497,120494.22056868630835,12,241.29234667452334
2025-08-11,Short,119942.01,2025-08-11T16:45:00.000Z,118979.27081093074455,2025-08-11T19:50:00.000Z,TakeProfit,TakeProfit,1000.3163634,0.00834,1.992603481963162409547,6.036641354874428043453,0.60347321864818,BTCUSDT,118979.27081093074455,120476.87225903847525,38,213.9430640153901
2025-08-12,Short,118836.55,2025-08-11T20:05:00.000Z,119049.99,2025-08-12T02:05:00.000Z,Timeout,None,999.4153855,0.00841,2.0006258014,-3.7956562014,-0.37978764950682,BTCUSDT,117905.300769368485395,119353.903150128619225,73,206.94319725144769
2025-08-12,Short,118764.13,2025-08-12T05:05:00.000Z,119048.288021346336175,2025-08-12T07:05:00.000Z,StopLoss,StopLoss,999.9939746,0.00842,2.0023805597397361505935,-4.3949910994758867440935,-0.43950175812148,BTCUSDT,118252.652278776594885,119048.288021346336175,25,113.66224893853447
2025-08-12,Short,118634.96,2025-08-12T09:10:00.000Z,118891.44025131854495,2025-08-12T12:30:00.000Z,StopLoss,StopLoss,1000.0927128,0.00843,2.0023475541186153339285,-4.1644760727339492624285,-0.41640900082898,BTCUSDT,118173.28243802661909,118891.44025131854495,41,102.59397332741798
2025-08-12,Long,119504.05,2025-08-12T13:35:00.000Z,119002.77063826677405,2025-08-12T13:40:00.000Z,StopLoss,StopLoss,1000.2488985,0.00837,1.9963020887422928987985,-6.1920103464493941002985,-0.61904695478646,BTCUSDT,120406.34837111980671,119002.77063826677405,2,200.51110469329038
2025-08-13,Long,121044.1,2025-08-13T13:50:00.000Z,121961.7945982992438,2025-08-13T13:55:00.000Z,TakeProfit,TakeProfit,999.824266,0.00826,2.007228689381951753788,5.572928692569802034212,0.55739082177565,BTCUSDT,121961.7945982992438,120534.276479389309,2,203.9311598442764
2025-08-13,Long,122104.33,2025-08-13T14:10:00.000Z,121417.287336634605375,2025-08-13T14:45:00.000Z,StopLoss,StopLoss,1000.0344627,0.00819,1.99444204598703741802125,-7.62132145894961939677125,-0.76210588166859,BTCUSDT,123341.002162857710325,121417.287336634605375,8,274.81640374615785
2025-08-13,Long,121048.87,2025-08-13T15:40:00.000Z,122535.781262852228775,2025-08-13T19:20:00.000Z,TakeProfit,TakeProfit,999.8636662,0.00826,2.0120092194311594096815,10.2698778117282502718185,1.02712781341071,BTCUSDT,122535.781262852228775,120222.814257082095125,45,330.42385796716195
2025-08-14,Long,122802.71,2025-08-13T20:10:00.000Z,123801.56128964417535,2025-08-14T00:10:00.000Z,TakeProfit,TakeProfit,999.6140594,0.00814,2.007358768297703587349,6.123290729405883761651,0.61256548683212,BTCUSDT,123801.56128964417535,122247.79028508656925,49,221.9672863653723
2025-08-14,Long,124230.89,2025-08-14T00:30:00.000Z,123649.48965230063275,2025-08-14T00:45:00.000Z,StopLoss,StopLoss,1000.0586645,0.00805,1.9954370562010200936375,-6.6757098551809264561375,-0.66753182509734,BTCUSDT,125277.39849905886105,123649.48965230063275,4,232.5584066797469
2025-08-14,Short,121833.99,2025-08-14T06:05:00.000Z,121066.932898749444885,2025-08-14T10:50:00.000Z,TakeProfit,TakeProfit,1000.2570579,0.00821,1.99421657699873294250585,4.30332222426832455164415,0.43022163055795,BTCUSDT,121066.932898749444885,122260.125652028086175,58,170.45610761123447
2025-08-14,Short,120668.83,2025-08-14T12:20:00.000Z,121051.469190691069825,2025-08-14T12:25:00.000Z,StopLoss,StopLoss,1000.3446007,0.00829,2.00386128029082896884925,-5.17594017111979781809925,-0.5174157152943,BTCUSDT,119980.084804756074315,121051.469190691069825,2,153.05491227642793
2025-08-14,Short,118204.02,2025-08-14T13:05:00.000Z,118146.98,2025-08-14T19:05:00.000Z,Timeout,None,1000.0060092,0.00846,1.99952946,-1.51697106,-0.15169619442723,BTCUSDT,115918.4125904299614,119473.799430205577,73,507.9124056822308
2025-08-14,Short,117934.13,2025-08-14T20:00:00.000Z,118444.768020654441875,2025-08-14T23:15:00.000Z,StopLoss,StopLoss,1000.0814224,0.00848,2.0044930552151496671,-6.3347034703648167671,-0.63341877255981,BTCUSDT,117014.968705222004625,118444.768020654441875,40,204.25704506177675
2025-08-15,Long,118972.39,2025-08-15T06:00:00.000Z,118673.9062082686004,2025-08-15T09:55:00.000Z,StopLoss,StopLoss,1000.5577999,0.00841,1.998605351111538929364,-4.508854039572609565364,-0.45063404033463,BTCUSDT,119509.66522391651928,118673.9062082686004,48,119.39414509255984
2025-08-15,Short,117830.21,2025-08-15T14:25:00.000Z,116835.041441373747615,2025-08-15T15:40:00.000Z,TakeProfit,TakeProfit,1000.3784829,0.00849,1.99230798473726311725135,6.45667307799961963139865,0.64542302622127,BTCUSDT,116835.041441373747615,118383.074889681251325,16,221.14763547250053
2025-08-17,Long,118134.55,2025-08-17T04:55:00.000Z,117981.500919294945275,2025-08-17T06:30:00.000Z,StopLoss,StopLoss,999.418293,0.00846,1.9975417907772352370265,-3.2923370135419982105265,-0.32942533037486,BTCUSDT,118410.025364469098505,117981.500919294945275,20,61.21777788202189
2025-08-17,Short,117547.02,2025-08-17T18:55:00.000Z,117730.391166852038075,2025-08-17T19:05:00.000Z,StopLoss,StopLoss,1000.3251402,0.00851,2.00221076902991084401825,-3.56269939894075486226825,-0.35615413986581,BTCUSDT,117216.963441266331465,117730.391166852038075,3,73.34681794081523
2025-08-18,Short,117130.73,2025-08-18T00:30:00.000Z,116577.039277933623585,2025-08-18T01:35:00.000Z,TakeProfit,TakeProfit,1000.2964342,0.00854,1.9958643496335531454159,2.7326544168133014386841,0.27318446046434,BTCUSDT,116577.039277933623585,117438.329354925764675,14,123.04143957030587
2025-08-18,Short,116415.95,2025-08-18T01:45:00.000Z,115552.27615378515615,2025-08-18T02:50:00.000Z,TakeProfit,TakeProfit,1000.0130105,0.00859,1.9926070626610144913285,5.4263512763244941801715,0.54262806776997,BTCUSDT,115552.27615378515615,116895.76451167491325,14,191.9269082699653
2025-08-18,Short,115031.17,2025-08-18T06:45:00.000Z,115266.59,2025-08-18T12:45:00.000Z,Timeout,None,999.6208673,0.00869,2.0012875344,-4.0470873344,-0.40486222995037,BTCUSDT,114195.1696305055848,115495.608012163564,73,185.7769116654256
2025-08-18,Short,115058.26,2025-08-18T13:55:00.000Z,115467.58938135026795,2025-08-18T14:25:00.000Z,StopLoss,StopLoss,999.8562794,0.00869,2.0032696311239338284855,-5.5603419550577623139855,-0.55611412056085,BTCUSDT,114321.47557796951769,115467.58938135026795,7,163.73054334010718
2025-08-18,Long,116232.34,2025-08-18T17:15:00.000Z,116315.6,2025-08-18T23:15:00.000Z,Timeout,None,999.598124,0.0086,1.999912284,-1.283876284,-0.12843924505004,BTCUSDT,117006.78577581185508,115802.0855085489694,73,172.10003818041224
2025-08-19,Long,116322.1,2025-08-19T00:50:00.000Z,115901.25593687437325,2025-08-19T01:45:00.000Z,StopLoss,StopLoss,1000.37006,0.0086,1.99712086105711960995,-5.61637980393750965995,-0.56143021752745,BTCUSDT,117079.60986922612815,115901.25593687437325,12,168.3362760502507
2025-08-19,Short,115408.46,2025-08-19T03:25:00.000Z,114648.37848455795433,2025-08-19T04:05:00.000Z,TakeProfit,TakeProfit,999.4372636,0.00866,1.9922922212762718844978,4.5900137024518436177022,0.45925981245871,BTCUSDT,114648.37848455795433,115830.72439746780315,9,168.90655898712126
2025-08-19,Short,115030.5,2025-08-19T14:10:00.000Z,114104.8459923899184,2025-08-19T14:30:00.000Z,TakeProfit,TakeProfit,999.615045,0.00869,1.991186156673868390896,6.052747169457740713104,0.60550781020485,BTCUSDT,114104.8459923899184,115544.745693116712,5,205.6999572466848
2025-08-19,Short,113912.57,2025-08-19T14:45:00.000Z,113480,2025-08-19T20:45:00.000Z,Timeout,None,1000.1523646,0.00878,1.9965067646,1.8014578354,0.18011833988119,BTCUSDT,112695.53865983082585,114588.69479520509675,73,270.4508764820387
2025-08-20,Short,112583.42,2025-08-20T01:40:00.000Z,113001.453660429674575,2025-08-20T01:50:00.000Z,StopLoss,StopLoss,999.7407696,0.00888,2.003193678104615510226,-5.715332582720125736226,-0.57168145548439,BTCUSDT,111830.960900826585765,113001.453660429674575,3,167.21325137186983
2025-08-20,Short,112752.72,2025-08-20T13:50:00.000Z,113242.891658266957375,2025-08-20T14:30:00.000Z,StopLoss,StopLoss,1000.1166264,0.00887,2.00458107540882791191625,-6.35240368423673982816625,-0.63516629126572,BTCUSDT,111870.421095119476725,113242.891658266957375,9,196.06722330678295
2025-08-20,Long,113639.9,2025-08-20T16:15:00.000Z,114312,2025-08-20T22:15:00.000Z,Timeout,None,1000.03112,0.0088,2.00597672,3.90850328,0.3908381651163,BTCUSDT,114823.88762333171265,112982.13667837127075,73,263.1072778514917
2025-08-21,Long,114718.46,2025-08-21T02:00:00.000Z,114404.1871606896394,2025-08-21T02:10:00.000Z,StopLoss,StopLoss,1000.3449712,0.00872,1.997949483241213655568,-4.738408642027558087568,-0.47367745912127,BTCUSDT,115284.14273035864908,114404.1871606896394,3,125.70793852414424
2025-08-21,Long,114467.92,2025-08-21T03:10:00.000Z,114118.246389985557175,2025-08-21T03:50:00.000Z,StopLoss,StopLoss,1000.4496208,0.00874,1.9978430942484737697095,-5.0539904457747040602095,-0.50517190877971,BTCUSDT,115097.338274425997085,114118.246389985557175,9,139.87026920577713
2025-08-21,Short,113702.19,2025-08-21T06:05:00.000Z,113962.8841494537438,2025-08-21T08:05:00.000Z,StopLoss,StopLoss,999.4422501,0.00879,2.001176001773698408002,-4.292677575472106410002,-0.42950731520932,BTCUSDT,113232.93673418326116,113962.8841494537438,25,104.27820218149752
2025-08-21,Short,113069.29,2025-08-21T11:50:00.000Z,113333.769317415025725,2025-08-21T12:25:00.000Z,StopLoss,StopLoss,999.5325236,0.00884,2.001403044365948827409,-4.339400210314776236409,-0.43414297262541,BTCUSDT,112593.232660652953695,113333.769317415025725,8,105.79095096601029
2025-08-21,Short,113477.38,2025-08-21T14:35:00.000Z,112615.33177254680631,2025-08-21T15:15:00.000Z,TakeProfit,TakeProfit,999.7357178,0.00881,1.9918767907161373635911,5.6027680931464990453089,0.56042491964535,BTCUSDT,112615.33177254680631,113956.29743502955205,9,191.56652321182082
2025-08-21,Short,112170.78,2025-08-21T19:25:00.000Z,112604.57168248383045,2025-08-21T20:50:00.000Z,StopLoss,StopLoss,999.4416498,0.00891,2.0027483834909309293095,-5.8678322744218602388095,-0.58711104100936,BTCUSDT,111389.96001152910519,112604.57168248383045,18,173.51595299353218
2025-08-21,Short,112102.08,2025-08-21T21:05:00.000Z,112579.58828529685695,2025-08-21T21:10:00.000Z,StopLoss,StopLoss,999.9505536,0.00892,2.004160481104847963994,-6.263534385952811957994,-0.62638441104942,BTCUSDT,111242.56136526565749,112579.58828529685695,2,191.00384571874278
2025-08-22,Short,112357.16,2025-08-22T01:10:00.000Z,112634.288526778975575,2025-08-22T01:15:00.000Z,StopLoss,StopLoss,999.978724,0.0089,2.0024238918883328826175,-4.4688677802212155001175,-0.44689628618751,BTCUSDT,111858.337499797843965,112634.288526778975575,2,110.85014671159023
2025-08-22,Short,112098.3,2025-08-22T12:10:00.000Z,112370.45398961318975,2025-08-22T12:45:00.000Z,StopLoss,StopLoss,999.916836,0.00892,2.00226128558734965257,-4.42987487293700222257,-0.44302433096916,BTCUSDT,111608.42015589625845,112370.45398961318975,8,108.8619762452759
2025-08-22,Short,112241.7,2025-08-22T13:10:00.000Z,112714.5461968162731,2025-08-22T14:00:00.000Z,StopLoss,StopLoss,1000.073547,0.00891,2.004360153613632993321,-6.217419767246626314321,-0.62169625283036,BTCUSDT,111390.59002533070842,112714.5461968162731,11,189.13659592650924
2025-08-22,Long,115188.48,2025-08-22T14:15:00.000Z,116989.37790863429457,2025-08-22T15:45:00.000Z,TakeProfit,TakeProfit,999.8360064,0.00868,2.0153038066469456768676,13.6164900402987311907324,1.36187234237804,BTCUSDT,116989.37790863429457,114187.98116186983635,19,400.19953525206546
2025-08-22,Long,116493.04,2025-08-22T17:05:00.000Z,116789.04,2025-08-22T23:05:00.000Z,Timeout,None,999.5102832,0.00858,2.0015602464,0.5381197536,0.05383834090002,BTCUSDT,117678.82412413942398,115834.2703125892089,73,263.50768736431644
2025-08-23,Short,115735.63,2025-08-23T03:20:00.000Z,115605.28,2025-08-23T09:20:00.000Z,Timeout,None,999.9558432,0.00864,1.9987854624,-0.8725614624,-0.08725999936234,BTCUSDT,114928.58564789262678,116183.9806311707629,73,179.34214046830516
2025-08-24,Short,113852.68,2025-08-24T19:35:00.000Z,112950.34100054896185,2025-08-24T19:40:00.000Z,TakeProfit,TakeProfit,999.6265304,0.00878,1.991330524384819885043,5.931205890795295071957,0.59334218434778,BTCUSDT,112950.34100054896185,114353.98503325057675,2,200.5205761002307
2025-08-25,Short,112768.73,2025-08-24T19:50:00.000Z,113010.92,2025-08-25T01:50:00.000Z,Timeout,None,1000.2586351,0.00887,2.0026654955,-4.1508907955,-0.41498175070341,BTCUSDT,110672.20883551059,113933.46708982745,73,465.89403633098
2025-08-25,Short,112905.55,2025-08-25T04:00:00.000Z,112198.841883945977535,2025-08-25T06:15:00.000Z,TakeProfit,TakeProfit,1000.343173,0.00886,1.9944249120917613609601,4.2670089961468776789399,0.42655451762121,BTCUSDT,112198.841883945977535,113298.163000474456925,28,157.04587378978277
2025-08-25,Short,111570.85,2025-08-25T07:50:00.000Z,110723.85584395105275,2025-08-25T13:45:00.000Z,TakeProfit,TakeProfit,999.674816,0.00896,1.99176056436180143264,5.59730707383676592736,0.5599127820618,BTCUSDT,110723.85584395105275,112041.40510736052625,72,188.2213233442105
2025-08-25,Long,112246.54,2025-08-25T15:20:00.000Z,111594.6878102864239,2025-08-25T19:30:00.000Z,StopLoss,StopLoss,1000.1166714,0.00891,1.994425339789652036949,-7.802428350137615087949,-0.78015181360946,BTCUSDT,113419.88576588443698,111594.6878102864239,51,260.74256508543044
2025-08-25,Short,110705.06,2025-08-25T20:00:00.000Z,109594.59132768688683,2025-08-25T20:30:00.000Z,TakeProfit,TakeProfit,999.6666918,0.00903,1.9893058514890125880749,8.0382262594983993370251,0.80409063595235,BTCUSDT,109594.59132768688683,111321.98453106284065,7,246.77045762513626
2025-08-25,Short,109447,2025-08-25T20:50:00.000Z,110560.53271796565675,2025-08-25T22:40:00.000Z,StopLoss,StopLoss,1000.34558,0.00914,2.010868849042206102695,-12.188557891248308797695,-1.21843472245345,BTCUSDT,107442.65288166181785,110560.53271796565675,23,445.4114051862627
2025-08-26,Short,109896.54,2025-08-25T23:10:00.000Z,108804.849357791623635,2025-08-26T01:00:00.000Z,TakeProfit,TakeProfit,1000.058514,0.0091,1.9901826431559037750785,7.9442022009403211464215,0.79437373810912,BTCUSDT,108804.849357791623635,110503.033629893542425,23,242.59775315741697
2025-08-26,Short,109839.37,2025-08-26T12:55:00.000Z,110401.4303252473278,2025-08-26T14:20:00.000Z,StopLoss,StopLoss,999.538267,0.0091,2.00419128295975068298,-7.11894024271043366298,-0.71222288107859,BTCUSDT,108827.67531375480996,110401.4303252473278,18,224.82214449893112
2025-08-26,Long,110871.3,2025-08-26T18:45:00.000Z,111671.539976841718275,2025-08-26T22:00:00.000Z,TakeProfit,TakeProfit,1000.059126,0.00902,2.0073364165911122988405,5.2108281745211865416595,0.52105200973099,BTCUSDT,111671.539976841718275,110426.724974421267625,40,177.83071463149295
2025-08-26,Long,112288.77,2025-08-26T23:10:00.000Z,111925.90532259209905,2025-08-26T23:30:00.000Z,StopLoss,StopLoss,1000.4929407,0.00891,1.9977527571242956025355,-5.2308770328286930670355,-0.52282997910699,BTCUSDT,112941.92641933422171,111925.90532259209905,5,145.14587096316038
2025-08-27,Long,111592.58,2025-08-27T03:50:00.000Z,111234.52501454508175,2025-08-27T06:15:00.000Z,StopLoss,StopLoss,999.8695168,0.00896,1.99653086093032393248,-5.20470353060639145248,-0.52053827456043,BTCUSDT,112237.07792661885285,111234.52501454508175,30,143.2218445819673
2025-08-27,Long,111558.71,2025-08-27T13:45:00.000Z,112301.8980821371053,2025-08-27T14:30:00.000Z,TakeProfit,TakeProfit,999.5660416,0.00896,2.005791048415948463488,4.653174167532515024512,0.46551943282149,BTCUSDT,112301.8980821371053,111145.8324190349415,10,165.1522375860234
2025-08-27,Long,111926.13,2025-08-27T15:10:00.000Z,111258.05690039967225,2025-08-27T20:20:00.000Z,StopLoss,StopLoss,999.5003409,0.00893,1.9930347890205690731925,-7.9589275684514958806925,-0.79629063070503,BTCUSDT,113128.65112968058995,111258.05690039967225,63,267.2277470401311
2025-08-27,Long,112072.59,2025-08-27T20:30:00.000Z,111340.798458145752325,2025-08-27T22:00:00.000Z,StopLoss,StopLoss,999.6875028,0.00892,1.992847425046660110739,-8.520427978386549371739,-0.85230914205908,BTCUSDT,113389.819311337645815,111340.798458145752325,19,292.71726474169907
2025-08-28,Short,110967.04,2025-08-28T00:25:00.000Z,111375.81629834058215,2025-08-28T00:45:00.000Z,StopLoss,StopLoss,999.8130304,0.00901,2.0033091352480486451715,-5.6863835832966938166715,-0.56874469629804,BTCUSDT,110231.24878378695213,111375.81629834058215,5,163.50964493623286
2025-08-28,Long,112594.35,2025-08-28T04:40:00.000Z,113140.45742406373764,2025-08-28T05:05:00.000Z,TakeProfit,TakeProfit,999.837828,0.00888,2.0045250899256859902432,2.8449088357603042529568,0.28453702751486,BTCUSDT,113140.45742406373764,112290.9561139645902,6,121.35733001416392
2025-08-28,Long,112957.49,2025-08-28T14:40:00.000Z,112473.205725201655075,2025-08-28T15:25:00.000Z,StopLoss,StopLoss,999.6737865,0.00885,1.99506165716803464741375,-6.28097748913338723366375,-0.62830270973934,BTCUSDT,113829.210433437020865,112473.205725201655075,10,193.71495831933797
2025-08-28,Short,112318.21,2025-08-28T17:00:00.000Z,112429.91,2025-08-28T23:00:00.000Z,Timeout,None,999.632069,0.0089,2.000258268,-2.994388268,-0.2995490401779,BTCUSDT,111402.5966322683229,112826.8795136287095,73,203.4689830514838
2025-08-29,Long,112588.74,2025-08-29T00:30:00.000Z,112287.925184253800925,2025-08-29T00:40:00.000Z,StopLoss,StopLoss,999.7880112,0.00888,1.996904786836173752214,-4.668140350662421538214,-0.46691301539608,BTCUSDT,113130.206668343158335,112287.925184253800925,3,120.32592629847963
2025-08-29,Short,110918.46,2025-08-29T07:10:00.000Z,110311.58363379432885,2025-08-29T07:20:00.000Z,TakeProfit,TakeProfit,1000.4845092,0.00902,1.995494993576824846227,3.478529829598328926773,0.34768452660799,BTCUSDT,110311.58363379432885,111255.60894011426175,3,134.8607580457047
2025-08-29,Short,109771.63,2025-08-29T08:40:00.000Z,110257.780079209519875,2025-08-29T12:10:00.000Z,StopLoss,StopLoss,1000.0195493,0.00911,2.00446792582159872606125,-6.43329514742032478731125,-0.64331693834621,BTCUSDT,108896.564726622864225,110257.780079209519875,43,194.45933608380795
2025-08-29,Short,110197.78,2025-08-29T13:35:00.000Z,109255.56032332581849,2025-08-29T13:45:00.000Z,TakeProfit,TakeProfit,999.4938646,0.00907,1.9904417967325651737043,6.5554906707022611219957,0.65588103167855,BTCUSDT,109255.56032332581849,110721.23400704121195,3,209.38195481648478
2025-08-29,Short,108347.16,2025-08-29T15:30:00.000Z,108216.01,2025-08-29T21:30:00.000Z,Timeout,None,1000.0442868,0.00923,1.9988780591,-0.7883635591,-0.07883286465469,BTCUSDT,107002.14525557511615,109094.39694690271325,73,298.8930987610853
2025-08-30,Short,107644.33,2025-08-30T01:55:00.000Z,107912.4330060607878,2025-08-30T02:30:00.000Z,StopLoss,StopLoss,1000.0158257,0.00929,2.002522328326304718662,-4.493199254631023380662,-0.44931281477329,BTCUSDT,107161.75716109058196,107912.4330060607878,8,107.23940642431512
2025-09-01,Short,108031.73,2025-09-01T01:10:00.000Z,108001,2025-09-01T07:10:00.000Z,Timeout,None,1000.3738198,0.00926,2.0004630798,-1.7159032798,-0.1715262080872,BTCUSDT,107131.75800191495541,108531.70782760280255,73,199.99283224112102
2025-09-01,Long,108795.37,2025-09-01T07:35:00.000Z,109563.81885742736493,2025-09-01T08:00:00.000Z,TakeProfit,TakeProfit,999.8294503,0.00919,2.0067209455997574837067,5.0553240541577262229933,0.50561863852289,BTCUSDT,109563.81885742736493,108368.45299587368615,6,170.76655165052554
2025-09-01,Long,108901.91,2025-09-01T12:10:00.000Z,108485.3506601902636,2025-09-01T17:10:00.000Z,StopLoss,StopLoss,999.7195338,0.00918,1.995615052860546619848,-5.819629792313926771848,-0.58212624596752,BTCUSDT,109651.71322765752552,108485.3506601902636,61,166.62322392389456
2025-09-01,Short,107769.23,2025-09-01T21:35:00.000Z,108243.004637413541425,2025-09-01T22:45:00.000Z,StopLoss,StopLoss,1000.0984544,0.00928,2.004593537435197664424,-6.401222172632862088424,-0.64005920061872,BTCUSDT,106916.441249855625435,108243.004637413541425,15,189.50905536541657
2025-09-02,Long,109473.99,2025-09-02T01:45:00.000Z,110260.29383024459067,2025-09-02T02:55:00.000Z,TakeProfit,TakeProfit,999.4975287,0.00913,2.0061740113701331128171,5.1727799587629797042829,0.51753804389001,BTCUSDT,110260.29383024459067,109037.15688141967185,15,174.73384983213126
2025-09-02,Short,108751.12,2025-09-02T12:45:00.000Z,109195.84236676139005,2025-09-02T13:05:00.000Z,StopLoss,StopLoss,1000.510304,0.0092,2.00511205377420478846,-6.09655782797899324846,-0.60934483169291,BTCUSDT,107950.63037982949791,109195.84236676139005,5,177.88742670455602
2025-09-02,Long,111472.72,2025-09-02T14:30:00.000Z,110613.708576626107375,2025-09-02T16:25:00.000Z,StopLoss,StopLoss,999.9102984,0.00897,1.99211526433233618315375,-9.69744773199615302940375,-0.969831768661,BTCUSDT,113018.945078473006725,110613.708576626107375,24,343.60521454955705
2025-09-03,Long,110796,2025-09-02T18:55:00.000Z,111733.29954914842305,2025-09-03T00:25:00.000Z,TakeProfit,TakeProfit,1000.48788,0.00903,2.0094395749288102601415,6.4543753538814498813585,0.64512279287995,BTCUSDT,111733.29954914842305,110275.27692691754275,67,208.2889460329829
2025-09-03,Long,111204.74,2025-09-03T09:20:00.000Z,111712.386250883125485,2025-09-03T12:35:00.000Z,TakeProfit,TakeProfit,999.7306126,0.00899,2.00402496499543929811015,2.55971483044385881203985,0.25604045711742,BTCUSDT,111712.386250883125485,110922.711837953819175,40,112.81063041847233
2025-09-03,Long,111662.26,2025-09-03T13:45:00.000Z,111222.065610068762575,2025-09-03T14:15:00.000Z,StopLoss,StopLoss,1000.4938496,0.00896,1.997043557466216112672,-5.941185291250103440672,-0.59382526875357,BTCUSDT,112454.617341476227365,111222.065610068762575,7,176.07881877249497
2025-09-03,Long,111828.82,2025-09-03T14:35:00.000Z,112120.93,2025-09-03T20:35:00.000Z,Timeout,None,999.7496508,0.00894,2.002110765,0.609352635,0.06095052241453,BTCUSDT,113022.698597151949665,111165.547890471139075,73,265.30724381154437
2025-09-04,Short,111367.52,2025-09-04T03:30:00.000Z,110709.47748724615485,2025-09-04T05:00:00.000Z,TakeProfit,TakeProfit,1000.0803296,0.00898,1.994251437435470470553,3.914970327094058976447,0.39146558643543,BTCUSDT,110709.47748724615485,111733.10249330769175,19,146.2321437230767
2025-09-04,Short,110060.76,2025-09-04T14:05:00.000Z,110140,2025-09-04T20:05:00.000Z,Timeout,None,1000.4523084,0.00909,2.0016249084,-2.7219165084,-0.27206859193049,BTCUSDT,109216.24063497208611,110529.94181634884105,73,187.67159733953642
2025-09-04,Long,111479.59,2025-09-04T23:00:00.000Z,111135.73338984909075,2025-09-04T23:25:00.000Z,StopLoss,StopLoss,999.9719223,0.00897,1.9968594508069463440275,-5.0812532438606023165275,-0.50813959177708,BTCUSDT,112098.53449107163665,111135.73338984909075,6,137.5430144603637
2025-09-05,Long,112158.46,2025-09-05T07:05:00.000Z,112598.28047044383732,2025-09-05T07:20:00.000Z,TakeProfit,TakeProfit,1000.4534632,0.00892,2.0048301249963590288944,1.9183684713626698655056,0.191749895615,BTCUSDT,112598.28047044383732,111914.1200106423126,4,97.73720854307496
2025-09-05,Long,112882.72,2025-09-05T12:35:00.000Z,112374.61248090905235,2025-09-05T14:10:00.000Z,StopLoss,StopLoss,1000.1408992,0.00886,1.995779965780854203821,-6.497612584926650382821,-0.64966972054878,BTCUSDT,113797.31521156370577,112374.61248090905235,20,203.24324723637906
2025-09-05,Short,110558.93,2025-09-05T15:00:00.000Z,111444.8736048922434,2025-09-05T19:50:00.000Z,StopLoss,StopLoss,999.4527272,0.00904,2.006914384588225880336,-10.015844572814106216336,-1.00213289735812,BTCUSDT,108964.23991399396188,111444.8736048922434,59,354.37624155689736
2025-09-06,Short,110722.04,2025-09-05T21:25:00.000Z,111250.01,2025-09-06T03:25:00.000Z,Timeout,None,999.8200212,0.00903,2.0044076115,-6.7719767115,-0.6773195743142,BTCUSDT,109749.99087368623782,111262.0621419520901,73,216.01018118083604
2025-09-07,Long,111188.88,2025-09-07T08:25:00.000Z,110979.30114571428235,2025-09-07T09:40:00.000Z,StopLoss,StopLoss,999.5880312,0.00899,1.9972919484999713983265,-3.8814058485285730718265,-0.38830055256554,BTCUSDT,111566.12193771429177,110979.30114571428235,16,83.83154171428706
2025-09-08,Long,112647.33,2025-09-08T14:35:00.000Z,112180.394986228772,2025-09-08T17:50:00.000Z,StopLoss,StopLoss,1000.3082904,0.00888,1.99647019787771149536,-6.14285312016621613536,-0.61409599211757,BTCUSDT,113487.8246167882104,112180.394986228772,40,186.7756615084912
2025-09-09,Short,111676.01,2025-09-09T00:25:00.000Z,111260.82610332596448,2025-09-09T01:25:00.000Z,TakeProfit,TakeProfit,999.5002895,0.00895,1.995284683124767382096,1.720611192107850521904,0.17214714294566,BTCUSDT,111260.82610332596448,111906.6697145966864,13,92.26337303867456
2025-09-09,Long,112468.8,2025-09-09T06:05:00.000Z,112989.068340138375795,2025-09-09T06:45:00.000Z,TakeProfit,TakeProfit,999.847632,0.00889,2.00432044954383016081755,2.62086509428633065673245,0.26212644911143,BTCUSDT,112989.068340138375795,112179.765136589791225,9,115.61474336408351
2025-09-09,Long,113104.69,2025-09-09T06:55:00.000Z,112734.1725036666734,2025-09-09T10:25:00.000Z,StopLoss,StopLoss,999.8454596,0.00884,1.996415544532413392856,-5.271790212119020536856,-0.52726050426113,BTCUSDT,113771.61701339998788,112734.1725036666734,43,148.20635853333064
2025-09-09,Short,111684.64,2025-09-09T14:35:00.000Z,111140,2025-09-09T20:35:00.000Z,Timeout,None,999.577528,0.00895,1.994280528,2.880247472,0.28814648102013,BTCUSDT,110565.360492881893875,112306.462600176725625,73,248.72887247069025
2025-09-10,Long,112565.16,2025-09-10T07:55:00.000Z,112228.8330448792401,2025-09-10T09:05:00.000Z,StopLoss,StopLoss,999.5786208,0.00888,1.996170658238527652088,-4.982754019710875564088,-0.49848545337264,BTCUSDT,113170.55512161736782,112228.8330448792401,15,134.53172524830396
2025-09-10,Long,112645.01,2025-09-10T12:20:00.000Z,113084.128944978253335,2025-09-10T12:30:00.000Z,TakeProfit,TakeProfit,1000.2876888,0.00888,2.0044747538314068896148,1.8949014775754827251852,0.18943564924294,BTCUSDT,113084.128944978253335,112401.061831456525925,3,97.58101621738963
2025-09-10,Long,113248.96,2025-09-10T12:45:00.000Z,114120.13417471871235,2025-09-10T13:45:00.000Z,TakeProfit,TakeProfit,999.9883168,0.00883,2.0076691015627662300505,5.6847988612034638204495,0.56848652786215,BTCUSDT,114120.13417471871235,112764.98052448960425,13,193.5933786041583
2025-09-11,Long,114095.07,2025-09-11T12:50:00.000Z,113625.155542397326575,2025-09-11T13:10:00.000Z,StopLoss,StopLoss,999.4728132,0.00876,1.994829175751400580797,-6.111279824350819783797,-0.61145033097843,BTCUSDT,114940.914209284812165,113625.155542397326575,5,187.96552384106937
2025-09-11,Long,114426.9,2025-09-11T14:35:00.000Z,114310.91,2025-09-11T20:35:00.000Z,Timeout,None,1000.091106,0.00874,1.9991684594,-3.0129210594,-0.30126465892198,BTCUSDT,115527.00710289089412,113815.7234232828366,73,244.46909708686536
2025-09-11,Long,115008.5,2025-09-11T22:25:00.000Z,115404.73112767292793,2025-09-11T23:45:00.000Z,TakeProfit,TakeProfit,1000.57395,0.0087,2.004595110810754472991,1.442615699943718518009,0.14417881856146,BTCUSDT,115404.73112767292793,114788.36848462615115,17,88.05180614953954
2025-09-12,Long,115799.31,2025-09-12T00:25:00.000Z,115496.49101430951025,2025-09-12T01:45:00.000Z,StopLoss,StopLoss,1000.5060384,0.00864,1.99839572076363416856,-4.61475175712946560856,-0.46124176966581,BTCUSDT,116344.38112504288155,115496.49101430951025,17,121.1271586761959
2025-09-12,Long,115908.55,2025-09-12T17:25:00.000Z,116524.66549279678389,2025-09-12T19:25:00.000Z,TakeProfit,TakeProfit,1000.2907865,0.00863,2.0058986497028362449707,3.3111780531334087257293,0.33102154871577,BTCUSDT,116524.66549279678389,115566.26048222400895,25,136.91500151039642
2025-09-14,Short,115321.41,2025-09-14T14:20:00.000Z,115601.13406236287575,2025-09-14T17:25:00.000Z,StopLoss,StopLoss,999.8366247,0.00867,2.0020984570206861327525,-4.4273060777068188852525,-0.44280295083562,BTCUSDT,114817.89746454682365,115601.13406236287575,38,111.8909425451503
2025-09-15,Long,115919,2025-09-15T04:25:00.000Z,116396.8228945526805,2025-09-15T05:20:00.000Z,TakeProfit,TakeProfit,1000.38097,0.00863,2.004885551579989632715,2.118726028409643082285,0.21179191647455,BTCUSDT,116396.8228945526805,115653.5380779151775,12,106.183545233929
2025-09-15,Short,114836.52,2025-09-15T08:55:00.000Z,114679.56,2025-09-15T14:55:00.000Z,Timeout,None,1000.2260892,0.00871,1.9990850568,-0.6319634568,-0.0631820608984,BTCUSDT,114059.1135382475922,115268.405012084671,73,172.7559248338684
2025-09-16,Long,115454.11,2025-09-15T19:40:00.000Z,115061.61947685831225,2025-09-16T00:25:00.000Z,StopLoss,StopLoss,999.8325926,0.00866,1.996266217269592984085,-5.395234147676608899085,-0.53961375010257,BTCUSDT,116160.60255685503795,115061.61947685831225,58,156.9975828566751
2025-09-16,Short,114974.48,2025-09-16T14:10:00.000Z,115335.682814057520125,2025-09-16T15:40:00.000Z,StopLoss,StopLoss,1000.277976,0.0087,2.0036984164823004250875,-5.1461628987827255125875,-0.51447327865417,BTCUSDT,114324.318860296463775,115335.682814057520125,19,144.48056482300805
2025-09-17,Short,115907.68,2025-09-17T14:20:00.000Z,116247.0119568640305,2025-09-17T17:40:00.000Z,StopLoss,StopLoss,1000.2832784,0.00863,2.003494991587736583215,-4.931929779324319798215,-0.49305330658063,BTCUSDT,115296.8770820447451,116247.0119568640305,41,135.7335535456122
2025-09-17,Short,115492.94,2025-09-17T18:00:00.000Z,115935.17298082597515,2025-09-17T18:05:00.000Z,StopLoss,StopLoss,1000.1688604,0.00866,2.004167458413952944799,-5.833905072366897743799,-0.58329201231417,BTCUSDT,114696.91937731324473,115935.17298082597515,2,176.89337193039006
2025-09-17,Short,115468.45,2025-09-17T18:15:00.000Z,116130.746868924076925,2025-09-17T20:10:00.000Z,StopLoss,StopLoss,999.956777,0.00866,2.0056490448848825061705,-7.7411399297673886766705,-0.77414745395214,BTCUSDT,114276.321235936661535,116130.746868924076925,24,264.91794756963077
2025-09-18,Long,116659.13,2025-09-17T22:55:00.000Z,116293.47997258976705,2025-09-18T00:10:00.000Z,StopLoss,StopLoss,999.7687441,0.00857,1.9964038674650943036185,-5.1300246023707906851185,-0.51312112252408,BTCUSDT,117317.30822533841931,116293.47997258976705,16,146.26117896409318
2025-09-18,Long,117324.92,2025-09-18T03:10:00.000Z,116981.89427132696575,2025-09-18T06:25:00.000Z,StopLoss,StopLoss,999.6083184,0.00852,1.99629405759170574819,-4.91887326588595755819,-0.4920800652959,BTCUSDT,117942.35604961146165,116981.89427132696575,40,137.2088254692137
2025-09-18,Long,117289.35,2025-09-18T13:10:00.000Z,117054.307810111395325,2025-09-18T13:45:00.000Z,StopLoss,StopLoss,1000.4781555,0.00853,1.99895140112025020212225,-4.00386128087004807987225,-0.40019477275534,BTCUSDT,117712.425639399488415,117054.307810111395325,8,94.01683275544187
2025-09-18,Short,116711.26,2025-09-18T23:05:00.000Z,116953.52410784423245,2025-09-18T23:35:00.000Z,StopLoss,StopLoss,1000.2154982,0.00857,2.0025071998042250720965,-4.0787106040292971685965,-0.40778318386082,BTCUSDT,116275.17818548038159,116953.52410784423245,7,96.90656033769298
2025-09-19,Short,116720.33,2025-09-19T04:05:00.000Z,116967.698546845969975,2025-09-19T04:20:00.000Z,StopLoss,StopLoss,1000.2932281,0.00857,2.00270640464646996268575,-4.12265485111643264843575,-0.41214463272406,BTCUSDT,116275.057655677254045,116967.698546845969975,4,98.94869873838799
2025-09-19,Short,115638.77,2025-09-19T15:05:00.000Z,116010.72169006152525,2025-09-19T16:15:00.000Z,StopLoss,StopLoss,1000.2753605,0.00865,2.0037681031190321934125,-5.2211502221512256059125,-0.52197129193919,BTCUSDT,114969.27086268925455,116010.72169006152525,15,148.7786896246101
2025-09-22,Short,114592.36,2025-09-22T00:50:00.000Z,113952.660153466211235,2025-09-22T05:55:00.000Z,TakeProfit,TakeProfit,1000.3913028,0.00873,1.99519802593976002408155,3.58938163430021589436845,0.35879776486,BTCUSDT,113952.660153466211235,114947.748209407660425,62,142.15543656306417
2025-09-22,Short,112557.06,2025-09-22T07:55:00.000Z,113130.63,2025-09-22T13:55:00.000Z,Timeout,None,999.5066928,0.00888,2.0041066872,-7.0974082872,-0.71009112178303,BTCUSDT,111567.20453299616535,113106.98463189101925,73,219.9685855564077
2025-09-22,Short,111981.17,2025-09-22T19:45:00.000Z,112329.5990270974964,2025-09-22T20:30:00.000Z,StopLoss,StopLoss,999.9918481,0.00893,2.003095167411980642852,-5.114566379392623494852,-0.51146080731662,BTCUSDT,111353.99988762450648,112329.5990270974964,10,139.37130563899856
2025-09-23,Short,111706.84,2025-09-23T02:55:00.000Z,111980.5001180754566,2025-09-23T03:15:00.000Z,StopLoss,StopLoss,999.776218,0.00895,2.00200169405677533657,-4.45125975083211190657,-0.44522560856035,BTCUSDT,111214.24674466417812,111980.5001180754566,5,109.46476763018264
2025-09-24,Long,113042.45,2025-09-24T14:05:00.000Z,113528.90642969603907,2025-09-24T14:50:00.000Z,TakeProfit,TakeProfit,1000.4256825,0.00885,2.0051565044028099457695,2.2999828984071358237305,0.22990042525294,BTCUSDT,113528.90642969603907,112772.20362083553385,10,108.10040126578646
2025-09-25,Short,112473.06,2025-09-25T01:55:00.000Z,112882.8463493411878,2025-09-25T02:05:00.000Z,StopLoss,StopLoss,999.8855034,0.00889,2.003414007445643159542,-5.646414653088802701542,-0.56470612223988,BTCUSDT,111735.44896438586196,112882.8463493411878,3,163.91391213647512
2025-09-25,Short,112268.73,2025-09-25T04:15:00.000Z,111499.03668365569692,2025-09-25T07:05:00.000Z,TakeProfit,TakeProfit,1000.3143843,0.00891,1.9937708011513722595572,4.8641966474763681832428,0.48626679010322,BTCUSDT,111499.03668365569692,112696.3405153023906,35,171.04340452095624
2025-09-25,Short,111114.65,2025-09-25T12:30:00.000Z,111457.21264060687975,2025-09-25T12:35:00.000Z,StopLoss,StopLoss,1000.03185,0.009,2.00314676376546191775,-5.08621052922737966775,-0.50860485385814,BTCUSDT,110498.03003410761645,111457.21264060687975,2,137.0260866427519
2025-09-25,Short,110850.62,2025-09-25T13:05:00.000Z,111327.133884260711175,2025-09-25T13:15:00.000Z,StopLoss,StopLoss,999.8725924,0.00902,2.0040433400360316147985,-6.3021985760676464132985,-0.63030016263777,BTCUSDT,109992.905729530719885,111327.133884260711175,3,190.60402210428447
2025-09-25,Short,111221.39,2025-09-25T13:40:00.000Z,110175.11326885099806,2025-09-25T17:10:00.000Z,TakeProfit,TakeProfit,999.8802961,0.00899,1.9903545643869704725594,7.4156732486425569680406,0.74165610399236,BTCUSDT,110175.11326885099806,111802.6497935272233,43,232.50521781088932
2025-09-25,Short,109689.02,2025-09-25T17:35:00.000Z,108657.819925091228835,2025-09-25T17:55:00.000Z,TakeProfit,TakeProfit,1000.3638624,0.00912,1.9913231801168320069752,7.4132215030511610178248,0.74105250916061,BTCUSDT,108657.819925091228835,110261.908932060428425,5,229.15557242417137
2025-09-26,Short,109122.08,2025-09-25T23:35:00.000Z,109514.147160731574,2025-09-26T00:55:00.000Z,StopLoss,StopLoss,999.5582528,0.00916,2.00270784079230121784,-5.59404303309351905784,-0.55965152780474,BTCUSDT,108416.3498734831668,109514.147160731574,17,156.8281838926296
2025-09-26,Short,109111.31,2025-09-26T05:50:00.000Z,109375.636742349506525,2025-09-26T06:15:00.000Z,StopLoss,StopLoss,999.4595996,0.00916,2.001340432159921479769,-4.422573392081401248769,-0.44249646447454,BTCUSDT,108635.515642170888255,109375.636742349506525,6,105.73158573980261
2025-09-26,Short,109289.07,2025-09-26T07:30:00.000Z,109621.580924041974425,2025-09-26T09:10:00.000Z,StopLoss,StopLoss,999.9949905,0.00915,2.00303245595498406598875,-5.04550741093905005473875,-0.5045532686535,BTCUSDT,108690.550336724446035,109621.580924041974425,21,133.00436961678977
2025-09-26,Short,108839.12,2025-09-26T14:35:00.000Z,109415.670139833950675,2025-09-26T16:15:00.000Z,StopLoss,StopLoss,1000.2315128,0.00919,2.00576152138507400670325,-7.30425730645908070995325,-0.73025666688024,BTCUSDT,107801.315748298888785,109415.670139833950675,21,230.62205593358027
2025-09-26,Long,109901.16,2025-09-26T17:30:00.000Z,109511.065823919044875,2025-09-26T19:00:00.000Z,StopLoss,StopLoss,1000.100556,0.0091,1.9966512549976633083625,-5.5465082573343549458625,-0.5545950578728,BTCUSDT,110603.326114945719225,109511.065823919044875,19,156.03718443238205
2025-09-28,Long,111449.76,2025-09-28T22:10:00.000Z,111940.500214936566855,2025-09-28T22:30:00.000Z,TakeProfit,TakeProfit,999.7043472,0.00897,2.00381063412798100468935,2.39812909385302368466065,0.23988383171182,BTCUSDT,111940.500214936566855,111177.132627924129525,5,109.05251243034819
2025-09-29,Long,112249.36,2025-09-29T00:25:00.000Z,111884.85664069344365,2025-09-29T01:45:00.000Z,StopLoss,StopLoss,1000.1417976,0.00891,1.9970358702685785829215,-5.2447608016899956614215,-0.52440172126349,BTCUSDT,112905.47708155180143,111884.85664069344365,17,145.80292012262254
2025-09-29,Long,112395.26,2025-09-29T13:40:00.000Z,113013.59173694729532,2025-09-29T13:45:00.000Z,TakeProfit,TakeProfit,1000.317814,0.0089,2.006138780458830928348,3.497013678372097419652,0.34959026315731,BTCUSDT,113013.59173694729532,112051.7413572515026,2,137.40719709939896
2025-09-29,Long,113792.14,2025-09-29T14:15:00.000Z,114243.1,2025-09-29T20:15:00.000Z,Timeout,None,1000.2329106,0.00879,2.0044297596,1.9595086404,0.19590523563403,BTCUSDT,114786.03289495868694,113239.9767330229517,73,220.86516599081932
2025-09-30,Short,113163.95,2025-09-30T14:05:00.000Z,113597.07327289397495,2025-09-30T14:55:00.000Z,StopLoss,StopLoss,1000.369318,0.00884,2.004567445732382738558,-5.833377178115121296558,-0.58312236022768,BTCUSDT,112384.33503319084509,113597.07327289397495,11,173.24831995758998
2025-09-30,Long,114434.56,2025-09-30T20:25:00.000Z,114006.83648541160915,2025-09-30T22:20:00.000Z,StopLoss,StopLoss,1000.1580544,0.00874,1.996577805282497463971,-5.734881322785033492971,-0.57339750428,BTCUSDT,115204.44944625910353,114006.83648541160915,24,171.08756583535634

# Summary
total_trades,274
wins,92
losses,182
win_rate,33.57664233576642
net_pnl_usd,-569.93622594357103277647415
avg_win_usd,4.4496631345655202
avg_loss_usd,5.3807979907890049
expectancy,5.06815417045119255024248422356226
max_drawdown,5.76820749836654
profit_factor,0.4180198308270832
avg_holding_time_hours,2.0428832116788321
